{
  "project_info": {
    "project_number": "207164556163",
    "project_id": "desi-destiny-47kesl",
    "storage_bucket": "desi-destiny-47kesl.appspot.com"
  },
  "client": [
    {
      "client_info": {
        "mobilesdk_app_id": "1:207164556163:android:3a4c71934e53adc870ecb6",
        "android_client_info": {
          "package_name": "com.mycompany.desidestiny"
        }
      },
      "oauth_client": [],
      "api_key": [
        {
          "current_key": "AIzaSyDMVq9quhZ1R70HZ5OteZLLl3uuhcQl3rs"
        }
      ],
      "services": {
        "appinvite_service": {
          "other_platform_oauth_client": []
        }
      }
    }
  ],
  "configuration_version": "1"
}